date,equity,btc_price,benchmark_value,num_trades
2026-09-24,70.00,84277.32,69.97,0
2026-09-25,70.00,84083.05,69.80,0
2026-09-26,70.00,84276.01,69.97,0
2026-09-27,70.00,84195.27,69.90,0
2026-09-28,70.00,83544.01,69.36,0
2026-09-29,70.00,83612.01,69.41,0
2026-09-30,70.00,83685.85,69.48,0
2026-10-01,70.00,84749.73,70.36,0
2026-10-02,70.00,84560.00,70.20,0
2026-10-03,70.00,84776.01,70.38,0
2026-10-04,70.00,86428.01,71.75,0
2026-10-05,70.00,85928.01,71.34,0
2026-10-06,70.00,85534.53,71.01,0
2026-10-07,70.00,83225.89,69.09,0
2026-10-08,70.00,81896.73,67.99,0
2026-10-09,70.00,82635.95,68.60,0
2026-10-10,70.00,82987.14,68.90,0
